FN,FP,TN,TP,accuracy,bagging,batch_num,bedroc,class_weight,classifier,classifier_arguments,criterion,cv1_folds,cv2_folds,f1,log_loss,max_depth,n_estimators,n_jobs,random_state,roc50,rocNOT50,sample,target,timestamp,TNR,TPR,C,coef0,degree,kernel,probability,gamma
7,7,143,10,0.916167665,FALSE,3515,2.51E-07,balanced_subsample,RandomForestClassifier,"{'n_jobs': -1, 'n_estimators': 41, 'random_state': 5216342, 'criterion': 'gini', 'max_depth': 21, 'class_weight': 'balanced_subsample'}",gini,5,5,0.719597026,0.526384702,21,41,-1,5216342,0.93372549,0.93372549,FALSE,roc50,07-24 Jul:43,,,,,,,,
10,8,142,7,0.892215569,FALSE,3515,1.93E-06,balanced_subsample,RandomForestClassifier,"{'n_jobs': -1, 'n_estimators': 41, 'random_state': 859776, 'criterion': 'entropy', 'max_depth': 21, 'class_weight': 'balanced_subsample'}",entropy,5,5,0.562098501,1.479688565,21,41,-1,859776,0.905098039,0.905098039,FALSE,roc50,07-24 Jul:45,,,,,,,,
5,8,142,12,0.922155689,FALSE,3515,2.52E-07,balanced_subsample,RandomForestClassifier,"{'n_jobs': -1, 'n_estimators': 41, 'random_state': 8667108, 'criterion': 'entropy', 'max_depth': 61, 'class_weight': 'balanced_subsample'}",entropy,5,5,0.802496656,0.415054346,61,41,-1,8667108,0.943333333,0.943333333,FALSE,roc50,07-24 Jul:46,,,,,,,,
9,6,144,8,0.910179641,FALSE,3515,5.72E-08,balanced_subsample,RandomForestClassifier,"{'n_jobs': -1, 'n_estimators': 41, 'random_state': 3660179, 'criterion': 'gini', 'max_depth': 21, 'class_weight': 'balanced_subsample'}",gini,5,5,0.62305296,0.524422837,21,41,-1,3660179,0.945686275,0.945686275,FALSE,roc50,07-24 Jul:48,,,,,,,,
9,4,146,7,0.921686747,FALSE,3515,6.00E-08,balanced_subsample,RandomForestClassifier,"{'n_jobs': -1, 'n_estimators': 61, 'random_state': 2677646, 'criterion': 'entropy', 'max_depth': 61, 'class_weight': 'balanced_subsample'}",entropy,5,5,0.597609562,0.558000846,61,61,-1,2677646,0.943541667,0.943541667,FALSE,roc50,07-24 Jul:50,,,,,,,,
8,6,144,9,0.916167665,FALSE,1967,1.61E-05,balanced_subsample,RandomForestClassifier,"{'n_jobs': -1, 'n_estimators': 100, 'random_state': 6760123, 'criterion': 'entropy', 'max_depth': 40, 'class_weight': 'balanced_subsample'}",entropy,5,5,0.674662669,2.562731045,40,100,-1,6760123,0.84254902,0.84254902,FALSE,bedroc,07-24 Jul:56,,,,,,,,
7,6,144,10,0.922155689,FALSE,3881,1.46E-05,balanced_subsample,RandomForestClassifier,"{'n_jobs': -1, 'n_estimators': 100, 'random_state': 3426308, 'criterion': 'gini', 'max_depth': 60, 'class_weight': 'balanced_subsample'}",gini,5,5,0.722543353,1.612201118,60,100,-1,3426308,0.900588235,0.900588235,FALSE,bedroc,07-24 Jul:00,0.96,0.588235294,,,,,,
6,5,145,11,0.934131737,FALSE,3881,7.49E-08,balanced_subsample,RandomForestClassifier,"{'n_jobs': -1, 'n_estimators': 60, 'random_state': 9867091, 'criterion': 'entropy', 'max_depth': 100, 'class_weight': 'balanced_subsample'}",entropy,5,5,0.770128355,0.450886844,100,60,-1,9867091,0.957254902,0.957254902,FALSE,bedroc,07-24 Jul:03,0.966666667,0.647058824,,,,,,
8,5,145,9,0.922155689,FALSE,3881,7.56E-08,balanced_subsample,RandomForestClassifier,"{'n_jobs': -1, 'n_estimators': 80, 'random_state': 3873120, 'criterion': 'entropy', 'max_depth': 60, 'class_weight': 'balanced_subsample'}",entropy,5,5,0.677540778,0.634098275,60,80,-1,3873120,0.939411765,0.939411765,FALSE,bedroc,07-24 Jul:05,0.966666667,0.529411765,,,,,,
10,7,143,7,0.898203593,FALSE,3881,1.03E-07,balanced_subsample,RandomForestClassifier,"{'n_jobs': -1, 'n_estimators': 60, 'random_state': 2210029, 'criterion': 'entropy', 'max_depth': 60, 'class_weight': 'balanced_subsample'}",entropy,5,5,0.564667921,0.480299078,60,60,-1,2210029,0.942156863,0.942156863,FALSE,bedroc,07-24 Jul:08,0.953333333,0.411764706,,,,,,
9,5,145,7,0.915662651,FALSE,3881,4.65E-08,balanced_subsample,RandomForestClassifier,"{'n_jobs': -1, 'n_estimators': 80, 'random_state': 9020122, 'criterion': 'gini', 'max_depth': 100, 'class_weight': 'balanced_subsample'}",gini,5,5,0.59490085,0.474409226,100,80,-1,9020122,0.9525,0.9525,FALSE,bedroc,07-24 Jul:10,0.966666667,0.4375,,,,,,
9,2,148,8,0.934131737,FALSE,9816,5.92E-08,balanced_subsample,RandomForestClassifier,"{'n_jobs': -1, 'n_estimators': 60, 'random_state': 9846770, 'criterion': 'gini', 'max_depth': 100, 'class_weight': 'balanced_subsample'}",gini,5,5,0.634249471,0.484076612,100,60,-1,9846770,0.957254902,0.957254902,FALSE,roc50,7/24/18 6:15,0.986666667,0.470588235,,,,,,
9,5,145,8,0.916167665,FALSE,9816,1.36E-07,balanced_subsample,RandomForestClassifier,"{'n_jobs': -1, 'n_estimators': 100, 'random_state': 2347862, 'criterion': 'gini', 'max_depth': 40, 'class_weight': 'balanced_subsample'}",gini,5,5,0.625814863,0.521101906,40,100,-1,2347862,0.946470588,0.946470588,FALSE,roc50,7/24/18 6:17,0.966666667,0.470588235,,,,,,
9,4,146,8,0.922155689,FALSE,9816,3.57E-06,balanced_subsample,RandomForestClassifier,"{'n_jobs': -1, 'n_estimators': 100, 'random_state': 6592267, 'criterion': 'gini', 'max_depth': None, 'class_weight': 'balanced_subsample'}",gini,5,5,0.628601362,0.79340831,,100,-1,6592267,0.903921569,0.903921569,FALSE,roc50,7/24/18 6:20,0.973333333,0.470588235,,,,,,
8,10,140,9,0.892215569,FALSE,9816,2.82E-07,balanced_subsample,RandomForestClassifier,"{'n_jobs': -1, 'n_estimators': 20, 'random_state': 1341315, 'criterion': 'entropy', 'max_depth': None, 'class_weight': 'balanced_subsample'}",entropy,5,5,0.663390663,0.640853872,,20,-1,1341315,0.912352941,0.912352941,FALSE,roc50,7/24/18 6:22,0.933333333,0.529411765,,,,,,
8,8,142,8,0.903614458,FALSE,9816,7.18E-07,balanced_subsample,RandomForestClassifier,"{'n_jobs': -1, 'n_estimators': 20, 'random_state': 1014375, 'criterion': 'entropy', 'max_depth': None, 'class_weight': 'balanced_subsample'}",entropy,5,5,0.643776824,1.691195109,,20,-1,1014375,0.891458333,0.891458333,FALSE,roc50,7/24/18 6:25,0.946666667,0.5,,,,,,
4,4,146,13,0.952095808,FALSE,2098,6.68E-08,balanced_subsample,RandomForestClassifier,"{'n_jobs': -1, 'n_estimators': 40, 'random_state': 5771603, 'criterion': 'entropy', 'max_depth': 20, 'class_weight': 'balanced_subsample'}",entropy,5,5,0.853765324,0.499671131,20,40,-1,5771603,0.957254902,0.957254902,FALSE,f1,7/24/18 6:28,0.973333333,0.764705882,,,,,,
5,10,140,12,0.910179641,FALSE,13,2.60E-07,balanced_subsample,RandomForestClassifier,"{'n_jobs': -1, 'n_estimators': 20, 'random_state': 2583477, 'criterion': 'gini', 'max_depth': 40, 'class_weight': 'balanced_subsample'}",gini,5,5,0.796460177,0.498540121,40,20,-1,2583477,0.935294118,0.935294118,FALSE,f1,7/24/18 6:33,0.933333333,0.705882353,,,,,,
9,5,145,8,0.916167665,FALSE,13,1.68E-07,balanced_subsample,RandomForestClassifier,"{'n_jobs': -1, 'n_estimators': 20, 'random_state': 6015883, 'criterion': 'gini', 'max_depth': None, 'class_weight': 'balanced_subsample'}",gini,5,5,0.625814863,0.569017941,,20,-1,6015883,0.94,0.94,FALSE,f1,7/24/18 6:35,0.966666667,0.470588235,,,,,,
12,6,144,5,0.892215569,FALSE,13,2.47E-07,balanced_subsample,RandomForestClassifier,"{'n_jobs': -1, 'n_estimators': 20, 'random_state': 3947323, 'criterion': 'gini', 'max_depth': 60, 'class_weight': 'balanced_subsample'}",gini,5,5,0.440917108,1.797962888,60,20,-1,3947323,0.905294118,0.905294118,FALSE,f1,7/24/18 6:38,0.96,0.294117647,,,,,,
8,4,146,9,0.928143713,FALSE,13,1.78E-07,balanced_subsample,RandomForestClassifier,"{'n_jobs': -1, 'n_estimators': 20, 'random_state': 6331866, 'criterion': 'gini', 'max_depth': 20, 'class_weight': 'balanced_subsample'}",gini,5,5,0.680443548,1.521218929,20,20,-1,6331866,0.924901961,0.924901961,FALSE,f1,7/24/18 6:40,0.973333333,0.529411765,,,,,,
10,5,145,6,0.909638554,FALSE,13,2.06E-07,balanced_subsample,RandomForestClassifier,"{'n_jobs': -1, 'n_estimators': 20, 'random_state': 7132863, 'criterion': 'gini', 'max_depth': 80, 'class_weight': 'balanced_subsample'}",gini,5,5,0.532544379,1.598744345,80,20,-1,7132863,0.905625,0.905625,FALSE,f1,7/24/18 6:43,0.966666667,0.375,,,,,,
17,0,150,0,0.898203593,FALSE,9546,1.50E-06,balanced,SVC,"{'kernel': 'poly', 'C': 1, 'degree': 2, 'probability': True, 'random_state': 3406901, 'coef0': 0.5, 'class_weight': 'balanced'}",,5,5,0,1.150053593,,,,3406901,0.868823529,0.868823529,FALSE,roc50,7/24/18 6:49,1,0,1,0.5,2,poly,TRUE,
14,3,147,3,0.898203593,FALSE,9546,3.76E-05,balanced,SVC,"{'kernel': 'poly', 'C': 1, 'degree': 2, 'probability': True, 'random_state': 6059462, 'coef0': 0.5, 'class_weight': 'balanced'}",,5,5,0.294985251,1.155699509,,,,6059462,0.751372549,0.751372549,FALSE,roc50,7/24/18 6:49,0.98,0.176470588,1,0.5,2,poly,TRUE,
16,3,147,1,0.886227545,FALSE,9546,2.53E-05,balanced,SVC,"{'kernel': 'poly', 'C': 1, 'degree': 2, 'probability': True, 'random_state': 4689775, 'coef0': 0.5, 'class_weight': 'balanced'}",,5,5,0.109051254,1.111150462,,,,4689775,0.789803922,0.789803922,FALSE,roc50,7/24/18 6:49,0.98,0.058823529,1,0.5,2,poly,TRUE,
14,1,149,3,0.910179641,FALSE,9546,8.95E-05,balanced,SVC,"{'kernel': 'poly', 'C': 1, 'degree': 2, 'probability': True, 'random_state': 8144728, 'coef0': 0.5, 'class_weight': 'balanced'}",,5,5,0.298309579,0.985603396,,,,8144728,0.834313725,0.834313725,FALSE,roc50,7/24/18 6:49,0.993333333,0.176470588,1,0.5,2,poly,TRUE,
16,0,150,0,0.903614458,FALSE,9546,1.27E-05,balanced,SVC,"{'kernel': 'poly', 'C': 1, 'degree': 2, 'probability': True, 'random_state': 8469399, 'coef0': 0.5, 'class_weight': 'balanced'}",,5,5,0,1.079379761,,,,8469399,0.847916667,0.847916667,FALSE,roc50,7/24/18 6:49,1,0,1,0.5,2,poly,TRUE,
15,0,150,2,0.910179641,FALSE,9546,0.000277429,balanced,SVC,"{'kernel': 'rbf', 'C': 1, 'probability': True, 'random_state': 561600, 'gamma': 0.2, 'class_weight': 'balanced'}",,5,5,0.210526316,0.741143849,,,,561600,0.883137255,0.883137255,FALSE,roc50,7/24/18 6:49,1,0.117647059,1,,,rbf,TRUE,0.2
17,0,150,0,0.898203593,FALSE,9546,4.44E-05,balanced,SVC,"{'kernel': 'rbf', 'C': 1, 'probability': True, 'random_state': 975027, 'gamma': 0.7, 'class_weight': 'balanced'}",,5,5,0,1.00586804,,,,975027,0.849215686,0.849215686,FALSE,roc50,7/24/18 6:49,1,0,1,,,rbf,TRUE,0.7
17,0,150,0,0.898203593,FALSE,9546,0.001905895,balanced,SVC,"{'kernel': 'rbf', 'C': 0.5, 'probability': True, 'random_state': 9230017, 'gamma': 0.7, 'class_weight': 'balanced'}",,5,5,0,1.180404901,,,,9230017,0.692941176,0.692941176,FALSE,roc50,7/24/18 6:49,1,0,0.5,,,rbf,TRUE,0.7
15,1,149,2,0.904191617,FALSE,9546,0.002239382,balanced,SVC,"{'kernel': 'rbf', 'C': 0.5, 'probability': True, 'random_state': 7864466, 'gamma': 0.2, 'class_weight': 'balanced'}",,5,5,0.209277991,1.179130113,,,,7864466,0.657058824,0.657058824,FALSE,roc50,7/24/18 6:49,0.993333333,0.117647059,0.5,,,rbf,TRUE,0.2
11,7,143,5,0.891566265,FALSE,9546,0.002905305,balanced,SVC,"{'kernel': 'rbf', 'C': 1, 'probability': True, 'random_state': 8421259, 'gamma': 0.2, 'class_weight': 'balanced'}",,5,5,0.459840589,0.976079408,,,,8421259,0.786666667,0.786666667,FALSE,roc50,7/24/18 6:49,0.953333333,0.3125,1,,,rbf,TRUE,0.2
17,0,150,0,0.898203593,FALSE,9546,0.051351947,balanced,SVC,"{'kernel': 'sigmoid', 'C': 1, 'probability': True, 'random_state': 9524723, 'coef0': 0, 'gamma': 0.02, 'class_weight': 'balanced'}",,5,5,0,1.332673081,,,,9524723,0.467254902,0.467254902,FALSE,roc50,7/24/18 6:50,1,0,1,0,,sigmoid,TRUE,0.02
17,0,150,0,0.898203593,FALSE,9546,0.487046977,balanced,SVC,"{'kernel': 'sigmoid', 'C': 1, 'probability': True, 'random_state': 7022369, 'coef0': 0, 'gamma': 0.02, 'class_weight': 'balanced'}",,5,5,0,1.319659038,,,,7022369,0.384117647,0.384117647,FALSE,roc50,7/24/18 6:50,1,0,1,0,,sigmoid,TRUE,0.02
17,0,150,0,0.898203593,FALSE,9546,0.214105228,balanced,SVC,"{'kernel': 'sigmoid', 'C': 1, 'probability': True, 'random_state': 6826209, 'coef0': 0, 'gamma': 0.02, 'class_weight': 'balanced'}",,5,5,0,1.233777304,,,,6826209,0.580392157,0.580392157,FALSE,roc50,7/24/18 6:50,1,0,1,0,,sigmoid,TRUE,0.02
17,0,150,0,0.898203593,FALSE,9546,0.373583735,balanced,SVC,"{'kernel': 'sigmoid', 'C': 1, 'probability': True, 'random_state': 8660777, 'coef0': 0, 'gamma': 0.02, 'class_weight': 'balanced'}",,5,5,0,1.354980609,,,,8660777,0.431568627,0.431568627,FALSE,roc50,7/24/18 6:50,1,0,1,0,,sigmoid,TRUE,0.02
16,0,150,0,0.903614458,FALSE,9546,0.445631154,balanced,SVC,"{'kernel': 'sigmoid', 'C': 1, 'probability': True, 'random_state': 5605937, 'coef0': 0, 'gamma': 0.02, 'class_weight': 'balanced'}",,5,5,0,1.388975653,,,,5605937,0.395,0.395,FALSE,roc50,7/24/18 6:50,1,0,1,0,,sigmoid,TRUE,0.02
17,0,150,0,0.898203593,FALSE,9546,0.24036253,balanced,SVC,"{'kernel': 'linear', 'C': 0.1, 'random_state': 4346592, 'probability': True, 'class_weight': 'balanced'}",,5,5,0,1.192311109,,,,4346592,0.565490196,0.565490196,FALSE,roc50,7/24/18 6:50,1,0,0.1,,,linear,TRUE,
17,0,150,0,0.898203593,FALSE,9546,0.245204781,balanced,SVC,"{'kernel': 'linear', 'C': 1, 'random_state': 6879724, 'probability': True, 'class_weight': 'balanced'}",,5,5,0,1.254790306,,,,6879724,0.458235294,0.458235294,FALSE,roc50,7/24/18 6:50,1,0,1,,,linear,TRUE,
17,0,150,0,0.898203593,FALSE,9546,0.532971671,balanced,SVC,"{'kernel': 'linear', 'C': 0.1, 'random_state': 2293844, 'probability': True, 'class_weight': 'balanced'}",,5,5,0,1.312483698,,,,2293844,0.319803922,0.319803922,FALSE,roc50,7/24/18 6:51,1,0,0.1,,,linear,TRUE,
17,0,150,0,0.898203593,FALSE,9546,0.469645918,balanced,SVC,"{'kernel': 'linear', 'C': 0.1, 'random_state': 4716074, 'probability': True, 'class_weight': 'balanced'}",,5,5,0,1.185856749,,,,4716074,0.42627451,0.42627451,FALSE,roc50,7/24/18 6:51,1,0,0.1,,,linear,TRUE,
16,0,150,0,0.903614458,FALSE,9546,0.44663397,balanced,SVC,"{'kernel': 'linear', 'C': 0.1, 'random_state': 3733093, 'probability': True, 'class_weight': 'balanced'}",,5,5,0,1.159373418,,,,3733093,0.501666667,0.501666667,FALSE,roc50,7/24/18 6:51,1,0,0.1,,,linear,TRUE,
17,1,149,0,0.892215569,FALSE,8522,2.08E-05,balanced,SVC,"{'kernel': 'poly', 'C': 1, 'degree': 2, 'probability': True, 'random_state': 7898368, 'coef0': 0.5, 'class_weight': 'balanced'}",,5,5,0,1.250997,,,,7898368,0.750588235,0.750588235,FALSE,roc50,7/24/18 6:57,0.993333333,0,1,0.5,2,poly,TRUE,
17,0,150,0,0.898203593,FALSE,8522,3.53E-06,balanced,SVC,"{'kernel': 'poly', 'C': 1, 'degree': 2, 'probability': True, 'random_state': 2835215, 'coef0': 0.5, 'class_weight': 'balanced'}",,5,5,0,1.115917461,,,,2835215,0.882745098,0.882745098,FALSE,roc50,7/24/18 6:57,1,0,1,0.5,2,poly,TRUE,
14,2,148,3,0.904191617,FALSE,8522,7.24E-05,balanced,SVC,"{'kernel': 'poly', 'C': 1, 'degree': 2, 'probability': True, 'random_state': 5103533, 'coef0': 0.5, 'class_weight': 'balanced'}",,5,5,0.296638102,1.050056776,,,,5103533,0.805490196,0.805490196,FALSE,roc50,7/24/18 6:57,0.986666667,0.176470588,1,0.5,2,poly,TRUE,
15,2,148,2,0.898203593,FALSE,8522,5.73E-06,balanced,SVC,"{'kernel': 'poly', 'C': 1, 'degree': 2, 'probability': True, 'random_state': 8280739, 'coef0': 0.5, 'class_weight': 'balanced'}",,5,5,0.208044383,1.072574403,,,,8280739,0.86745098,0.86745098,FALSE,roc50,7/24/18 6:57,0.986666667,0.117647059,1,0.5,2,poly,TRUE,
13,1,149,3,0.915662651,FALSE,8522,1.12E-05,balanced,SVC,"{'kernel': 'poly', 'C': 1, 'degree': 2, 'probability': True, 'random_state': 354161, 'coef0': 0.5, 'class_weight': 'balanced'}",,5,5,0.314026518,1.005356013,,,,354161,0.867708333,0.867708333,FALSE,roc50,7/24/18 6:57,0.993333333,0.1875,1,0.5,2,poly,TRUE,
13,3,147,4,0.904191617,FALSE,8522,1.44E-05,balanced,SVC,"{'kernel': 'rbf', 'C': 1, 'probability': True, 'random_state': 8790103, 'gamma': 0.2, 'class_weight': 'balanced'}",,5,5,0.374882849,1.096922795,,,,8790103,0.832941176,0.832941176,FALSE,roc50,7/24/18 6:57,0.98,0.235294118,1,,,rbf,TRUE,0.2
16,0,150,1,0.904191617,FALSE,8522,0.000630868,balanced,SVC,"{'kernel': 'rbf', 'C': 1, 'probability': True, 'random_state': 4039876, 'gamma': 0.2, 'class_weight': 'balanced'}",,5,5,0.111111111,1.007610506,,,,4039876,0.777647059,0.777647059,FALSE,roc50,7/24/18 6:57,1,0.058823529,1,,,rbf,TRUE,0.2
17,0,150,0,0.898203593,FALSE,8522,2.95E-06,balanced,SVC,"{'kernel': 'rbf', 'C': 0.5, 'probability': True, 'random_state': 2741088, 'gamma': 0.7, 'class_weight': 'balanced'}",,5,5,0,1.073883208,,,,2741088,0.834901961,0.834901961,FALSE,roc50,7/24/18 6:57,1,0,0.5,,,rbf,TRUE,0.7
17,0,150,0,0.898203593,FALSE,8522,4.21E-06,balanced,SVC,"{'kernel': 'rbf', 'C': 1, 'probability': True, 'random_state': 2840447, 'gamma': 0.7, 'class_weight': 'balanced'}",,5,5,0,1.048086599,,,,2840447,0.836470588,0.836470588,FALSE,roc50,7/24/18 6:57,1,0,1,,,rbf,TRUE,0.7
13,1,149,3,0.915662651,FALSE,8522,0.000387387,balanced,SVC,"{'kernel': 'rbf', 'C': 1, 'probability': True, 'random_state': 5735156, 'gamma': 0.2, 'class_weight': 'balanced'}",,5,5,0.314026518,0.890887016,,,,5735156,0.76,0.76,FALSE,roc50,7/24/18 6:57,0.993333333,0.1875,1,,,rbf,TRUE,0.2
17,0,150,0,0.898203593,FALSE,8522,-1.86E-23,balanced,SVC,"{'kernel': 'sigmoid', 'C': 1, 'probability': True, 'random_state': 316179, 'coef0': 0, 'gamma': 0.2, 'class_weight': 'balanced'}",,5,5,0,1.23097865,,,,316179,0.5,0.5,FALSE,roc50,7/24/18 6:57,1,0,1,0,,sigmoid,TRUE,0.2
17,0,150,0,0.898203593,FALSE,8522,0.196134055,balanced,SVC,"{'kernel': 'sigmoid', 'C': 1, 'probability': True, 'random_state': 321841, 'coef0': 0, 'gamma': 0.02, 'class_weight': 'balanced'}",,5,5,0,1.287375454,,,,321841,0.461960784,0.461960784,FALSE,roc50,7/24/18 6:58,1,0,1,0,,sigmoid,TRUE,0.02
17,0,150,0,0.898203593,FALSE,8522,0.311115593,balanced,SVC,"{'kernel': 'sigmoid', 'C': 1, 'probability': True, 'random_state': 8313788, 'coef0': 0, 'gamma': 0.02, 'class_weight': 'balanced'}",,5,5,0,1.307901586,,,,8313788,0.502156863,0.502156863,FALSE,roc50,7/24/18 6:58,1,0,1,0,,sigmoid,TRUE,0.02
17,0,150,0,0.898203593,FALSE,8522,0.302141974,balanced,SVC,"{'kernel': 'sigmoid', 'C': 1, 'probability': True, 'random_state': 3429320, 'coef0': 0, 'gamma': 0.02, 'class_weight': 'balanced'}",,5,5,0,1.371595009,,,,3429320,0.439215686,0.439215686,FALSE,roc50,7/24/18 6:58,1,0,1,0,,sigmoid,TRUE,0.02
16,0,150,0,0.903614458,FALSE,8522,0.404029453,balanced,SVC,"{'kernel': 'sigmoid', 'C': 1, 'probability': True, 'random_state': 6095187, 'coef0': 0, 'gamma': 0.02, 'class_weight': 'balanced'}",,5,5,0,1.246824803,,,,6095187,0.362916667,0.362916667,FALSE,roc50,7/24/18 6:58,1,0,1,0,,sigmoid,TRUE,0.02
17,0,150,0,0.898203593,FALSE,8522,0.432174981,balanced,SVC,"{'kernel': 'linear', 'C': 0.1, 'random_state': 6450296, 'probability': True, 'class_weight': 'balanced'}",,5,5,0,1.192500423,,,,6450296,0.563333333,0.563333333,FALSE,roc50,7/24/18 6:58,1,0,0.1,,,linear,TRUE,
17,0,150,0,0.898203593,FALSE,8522,0.323389059,balanced,SVC,"{'kernel': 'linear', 'C': 0.1, 'random_state': 1409702, 'probability': True, 'class_weight': 'balanced'}",,5,5,0,1.139372403,,,,1409702,0.414313725,0.414313725,FALSE,roc50,7/24/18 6:58,1,0,0.1,,,linear,TRUE,
17,0,150,0,0.898203593,FALSE,8522,0.296386045,balanced,SVC,"{'kernel': 'linear', 'C': 1, 'random_state': 9292786, 'probability': True, 'class_weight': 'balanced'}",,5,5,0,1.271869439,,,,9292786,0.45372549,0.45372549,FALSE,roc50,7/24/18 6:58,1,0,1,,,linear,TRUE,
17,0,150,0,0.898203593,FALSE,8522,0.432217226,balanced,SVC,"{'kernel': 'linear', 'C': 0.1, 'random_state': 8110198, 'probability': True, 'class_weight': 'balanced'}",,5,5,0,1.155378701,,,,8110198,0.456470588,0.456470588,FALSE,roc50,7/24/18 6:58,1,0,0.1,,,linear,TRUE,
16,0,150,0,0.903614458,FALSE,8522,0.453111488,balanced,SVC,"{'kernel': 'linear', 'C': 0.1, 'random_state': 8289895, 'probability': True, 'class_weight': 'balanced'}",,5,5,0,1.196734758,,,,8289895,0.439791667,0.439791667,FALSE,roc50,7/24/18 6:58,1,0,0.1,,,linear,TRUE,
14,4,146,3,0.892215569,FALSE,9432,1.96E-05,balanced,SVC,"{'kernel': 'poly', 'C': 1, 'degree': 2, 'probability': True, 'random_state': 8565047, 'coef0': 0.5, 'class_weight': 'balanced'}",,5,5,0.293350717,1.052135061,,,,8565047,0.848235294,0.848235294,FALSE,f1,7/24/18 7:00,0.973333333,0.176470588,1,0.5,2,poly,TRUE,
17,0,150,0,0.898203593,FALSE,9432,4.67E-06,balanced,SVC,"{'kernel': 'poly', 'C': 1, 'degree': 2, 'probability': True, 'random_state': 234616, 'coef0': 0.5, 'class_weight': 'balanced'}",,5,5,0,1.088506788,,,,234616,0.828627451,0.828627451,FALSE,f1,7/24/18 7:00,1,0,1,0.5,2,poly,TRUE,
16,0,150,1,0.904191617,FALSE,9432,4.09E-05,balanced,SVC,"{'kernel': 'poly', 'C': 1, 'degree': 2, 'probability': True, 'random_state': 3535993, 'coef0': 0.5, 'class_weight': 'balanced'}",,5,5,0.111111111,1.204979434,,,,3535993,0.803333333,0.803333333,FALSE,f1,7/24/18 7:00,1,0.058823529,1,0.5,2,poly,TRUE,
16,2,148,1,0.892215569,FALSE,9432,2.60E-05,balanced,SVC,"{'kernel': 'poly', 'C': 1, 'degree': 2, 'probability': True, 'random_state': 365870, 'coef0': 0.5, 'class_weight': 'balanced'}",,5,5,0.109729334,1.091154743,,,,365870,0.822745098,0.822745098,FALSE,f1,7/24/18 7:00,0.986666667,0.058823529,1,0.5,2,poly,TRUE,
12,1,149,4,0.921686747,FALSE,9432,2.50E-06,balanced,SVC,"{'kernel': 'poly', 'C': 1, 'degree': 2, 'probability': True, 'random_state': 6479367, 'coef0': 0.5, 'class_weight': 'balanced'}",,5,5,0.397877984,0.928429501,,,,6479367,0.860416667,0.860416667,FALSE,f1,7/24/18 7:00,0.993333333,0.25,1,0.5,2,poly,TRUE,
17,0,150,0,0.898203593,FALSE,9432,4.47E-06,balanced,SVC,"{'kernel': 'rbf', 'C': 1, 'probability': True, 'random_state': 750098, 'gamma': 0.2, 'class_weight': 'balanced'}",,5,5,0,0.95106747,,,,750098,0.885098039,0.885098039,FALSE,f1,7/24/18 7:00,1,0,1,,,rbf,TRUE,0.2
14,3,147,3,0.898203593,FALSE,9432,0.002190278,balanced,SVC,"{'kernel': 'rbf', 'C': 1, 'probability': True, 'random_state': 190419, 'gamma': 0.02, 'class_weight': 'balanced'}",,5,5,0.294985251,0.99743938,,,,190419,0.751960784,0.751960784,FALSE,f1,7/24/18 7:00,0.98,0.176470588,1,,,rbf,TRUE,0.02
14,5,145,3,0.886227545,FALSE,9432,0.015599739,balanced,SVC,"{'kernel': 'rbf', 'C': 1, 'probability': True, 'random_state': 4397981, 'gamma': 0.02, 'class_weight': 'balanced'}",,5,5,0.291734198,1.13590657,,,,4397981,0.617254902,0.617254902,FALSE,f1,7/24/18 7:01,0.966666667,0.176470588,1,,,rbf,TRUE,0.02
15,0,150,2,0.910179641,FALSE,9432,0.004053473,balanced,SVC,"{'kernel': 'rbf', 'C': 1, 'probability': True, 'random_state': 9916005, 'gamma': 0.02, 'class_weight': 'balanced'}",,5,5,0.210526316,1.005153113,,,,9916005,0.771960784,0.771960784,FALSE,f1,7/24/18 7:01,1,0.117647059,1,,,rbf,TRUE,0.02
14,1,149,2,0.909638554,FALSE,9432,0.013213791,balanced,SVC,"{'kernel': 'rbf', 'C': 0.1, 'probability': True, 'random_state': 9230225, 'gamma': 0.02, 'class_weight': 'balanced'}",,5,5,0.220913108,1.11663817,,,,9230225,0.62875,0.62875,FALSE,f1,7/24/18 7:01,0.993333333,0.125,0.1,,,rbf,TRUE,0.02
17,0,150,0,0.898203593,FALSE,9432,0.553497444,balanced,SVC,"{'kernel': 'sigmoid', 'C': 1, 'probability': True, 'random_state': 5876501, 'coef0': 0, 'gamma': 0.02, 'class_weight': 'balanced'}",,5,5,0,1.325819957,,,,5876501,0.323921569,0.323921569,FALSE,f1,7/24/18 7:01,1,0,1,0,,sigmoid,TRUE,0.02
17,0,150,0,0.898203593,FALSE,9432,0.33811091,balanced,SVC,"{'kernel': 'sigmoid', 'C': 1, 'probability': True, 'random_state': 720212, 'coef0': 0, 'gamma': 0.02, 'class_weight': 'balanced'}",,5,5,0,1.367428951,,,,720212,0.434313725,0.434313725,FALSE,f1,7/24/18 7:01,1,0,1,0,,sigmoid,TRUE,0.02
17,0,150,0,0.898203593,FALSE,9432,0.138495649,balanced,SVC,"{'kernel': 'sigmoid', 'C': 1, 'probability': True, 'random_state': 1287304, 'coef0': 0, 'gamma': 0.02, 'class_weight': 'balanced'}",,5,5,0,1.251863232,,,,1287304,0.568235294,0.568235294,FALSE,f1,7/24/18 7:01,1,0,1,0,,sigmoid,TRUE,0.02
17,0,150,0,0.898203593,FALSE,9432,0.153137771,balanced,SVC,"{'kernel': 'sigmoid', 'C': 1, 'probability': True, 'random_state': 587498, 'coef0': 0, 'gamma': 0.02, 'class_weight': 'balanced'}",,5,5,0,1.237795274,,,,587498,0.476862745,0.476862745,FALSE,f1,7/24/18 7:02,1,0,1,0,,sigmoid,TRUE,0.02
16,0,150,0,0.903614458,FALSE,9432,0.425851025,balanced,SVC,"{'kernel': 'sigmoid', 'C': 1, 'probability': True, 'random_state': 1083915, 'coef0': 0, 'gamma': 0.02, 'class_weight': 'balanced'}",,5,5,0,1.36795546,,,,1083915,0.456666667,0.456666667,FALSE,f1,7/24/18 7:02,1,0,1,0,,sigmoid,TRUE,0.02
17,0,150,0,0.898203593,FALSE,9432,0.240675681,balanced,SVC,"{'kernel': 'linear', 'C': 1, 'random_state': 6653326, 'probability': True, 'class_weight': 'balanced'}",,5,5,0,1.198914491,,,,6653326,0.529803922,0.529803922,FALSE,f1,7/24/18 7:02,1,0,1,,,linear,TRUE,
17,0,150,0,0.898203593,FALSE,9432,0.304187022,balanced,SVC,"{'kernel': 'linear', 'C': 1, 'random_state': 6432374, 'probability': True, 'class_weight': 'balanced'}",,5,5,0,1.242226974,,,,6432374,0.473921569,0.473921569,FALSE,f1,7/24/18 7:02,1,0,1,,,linear,TRUE,
17,0,150,0,0.898203593,FALSE,9432,0.101501099,balanced,SVC,"{'kernel': 'linear', 'C': 1, 'random_state': 3036086, 'probability': True, 'class_weight': 'balanced'}",,5,5,0,1.197105739,,,,3036086,0.709215686,0.709215686,FALSE,f1,7/24/18 7:02,1,0,1,,,linear,TRUE,
17,0,150,0,0.898203593,FALSE,9432,0.405039466,balanced,SVC,"{'kernel': 'linear', 'C': 1, 'random_state': 2139052, 'probability': True, 'class_weight': 'balanced'}",,5,5,0,1.226266656,,,,2139052,0.360196078,0.360196078,FALSE,f1,7/24/18 7:02,1,0,1,,,linear,TRUE,
16,0,150,0,0.903614458,FALSE,9432,0.482461137,balanced,SVC,"{'kernel': 'linear', 'C': 1, 'random_state': 8095991, 'probability': True, 'class_weight': 'balanced'}",,5,5,0,1.286180703,,,,8095991,0.284375,0.284375,FALSE,f1,7/24/18 7:02,1,0,1,,,linear,TRUE,
15,0,150,2,0.910179641,FALSE,1722,3.25E-06,balanced,SVC,"{'kernel': 'poly', 'C': 1, 'degree': 2, 'probability': True, 'random_state': 7003992, 'coef0': 0.5, 'class_weight': 'balanced'}",,5,5,0.210526316,1.113053399,,,,7003992,0.85372549,0.85372549,FALSE,accuracy,7/24/18 7:05,1,0.117647059,1,0.5,2,poly,TRUE,
17,0,150,0,0.898203593,FALSE,1722,3.89E-06,balanced,SVC,"{'kernel': 'poly', 'C': 1, 'degree': 2, 'probability': True, 'random_state': 1086369, 'coef0': 0.5, 'class_weight': 'balanced'}",,5,5,0,1.192918288,,,,1086369,0.866862745,0.866862745,FALSE,accuracy,7/24/18 7:05,1,0,1,0.5,2,poly,TRUE,
17,0,150,0,0.898203593,FALSE,1722,0.313557071,balanced,SVC,"{'kernel': 'poly', 'C': 0.3, 'degree': 2, 'probability': True, 'random_state': 6367486, 'coef0': 0, 'class_weight': 'balanced'}",,5,5,0,1.202980244,,,,6367486,0.449019608,0.449019608,FALSE,accuracy,7/24/18 7:05,1,0,0.3,0,2,poly,TRUE,
17,1,149,0,0.892215569,FALSE,1722,0.000230172,balanced,SVC,"{'kernel': 'poly', 'C': 1, 'degree': 2, 'probability': True, 'random_state': 5252539, 'coef0': 0.5, 'class_weight': 'balanced'}",,5,5,0,1.19190157,,,,5252539,0.726666667,0.726666667,FALSE,accuracy,7/24/18 7:05,0.993333333,0,1,0.5,2,poly,TRUE,
13,3,147,3,0.903614458,FALSE,1722,2.94E-05,balanced,SVC,"{'kernel': 'poly', 'C': 1, 'degree': 2, 'probability': True, 'random_state': 9501230, 'coef0': 0.5, 'class_weight': 'balanced'}",,5,5,0.310559006,1.097553098,,,,9501230,0.800416667,0.800416667,FALSE,accuracy,7/24/18 7:05,0.98,0.1875,1,0.5,2,poly,TRUE,
13,0,150,4,0.922155689,FALSE,1722,0.002856409,balanced,SVC,"{'kernel': 'rbf', 'C': 0.5, 'probability': True, 'random_state': 9163189, 'gamma': 0.02, 'class_weight': 'balanced'}",,5,5,0.380952381,0.925133568,,,,9163189,0.773333333,0.773333333,FALSE,accuracy,7/24/18 7:05,1,0.235294118,0.5,,,rbf,TRUE,0.02
15,1,149,2,0.904191617,FALSE,1722,7.22E-05,balanced,SVC,"{'kernel': 'rbf', 'C': 0.5, 'probability': True, 'random_state': 6544543, 'gamma': 0.02, 'class_weight': 'balanced'}",,5,5,0.209277991,1.157531316,,,,6544543,0.726078431,0.726078431,FALSE,accuracy,7/24/18 7:05,0.993333333,0.117647059,0.5,,,rbf,TRUE,0.02
13,1,149,4,0.916167665,FALSE,1722,0.000775498,balanced,SVC,"{'kernel': 'rbf', 'C': 1, 'probability': True, 'random_state': 3396480, 'gamma': 0.02, 'class_weight': 'balanced'}",,5,5,0.378907483,1.020250748,,,,3396480,0.779019608,0.779019608,FALSE,accuracy,7/24/18 7:05,0.993333333,0.235294118,1,,,rbf,TRUE,0.02
14,0,150,3,0.916167665,FALSE,1722,0.000257731,balanced,SVC,"{'kernel': 'rbf', 'C': 1, 'probability': True, 'random_state': 7932541, 'gamma': 0.2, 'class_weight': 'balanced'}",,5,5,0.3,0.873648811,,,,7932541,0.85372549,0.85372549,FALSE,accuracy,7/24/18 7:05,1,0.176470588,1,,,rbf,TRUE,0.2
13,3,147,3,0.903614458,FALSE,1722,0.02088777,balanced,SVC,"{'kernel': 'rbf', 'C': 0.1, 'probability': True, 'random_state': 2390083, 'gamma': 0.02, 'class_weight': 'balanced'}",,5,5,0.310559006,1.035745467,,,,2390083,0.630833333,0.630833333,FALSE,accuracy,7/24/18 7:05,0.98,0.1875,0.1,,,rbf,TRUE,0.02
17,0,150,0,0.898203593,FALSE,1722,0.427939131,balanced,SVC,"{'kernel': 'sigmoid', 'C': 1, 'probability': True, 'random_state': 8301559, 'coef0': 0, 'gamma': 0.02, 'class_weight': 'balanced'}",,5,5,0,1.314755416,,,,8301559,0.338627451,0.338627451,FALSE,accuracy,7/24/18 7:06,1,0,1,0,,sigmoid,TRUE,0.02
17,0,150,0,0.898203593,FALSE,1722,0.389994601,balanced,SVC,"{'kernel': 'sigmoid', 'C': 1, 'probability': True, 'random_state': 4905076, 'coef0': 0, 'gamma': 0.02, 'class_weight': 'balanced'}",,5,5,0,1.280459462,,,,4905076,0.552352941,0.552352941,FALSE,accuracy,7/24/18 7:06,1,0,1,0,,sigmoid,TRUE,0.02
17,0,150,0,0.898203593,FALSE,1722,0.162813684,balanced,SVC,"{'kernel': 'sigmoid', 'C': 1, 'probability': True, 'random_state': 9323864, 'coef0': 0, 'gamma': 0.02, 'class_weight': 'balanced'}",,5,5,0,1.274198322,,,,9323864,0.664901961,0.664901961,FALSE,accuracy,7/24/18 7:06,1,0,1,0,,sigmoid,TRUE,0.02
17,0,150,0,0.898203593,FALSE,1722,0.558717964,balanced,SVC,"{'kernel': 'sigmoid', 'C': 1, 'probability': True, 'random_state': 8264013, 'coef0': 0, 'gamma': 0.02, 'class_weight': 'balanced'}",,5,5,0,1.318407462,,,,8264013,0.241176471,0.241176471,FALSE,accuracy,7/24/18 7:06,1,0,1,0,,sigmoid,TRUE,0.02
16,0,150,0,0.903614458,FALSE,1722,0.094049924,balanced,SVC,"{'kernel': 'sigmoid', 'C': 1, 'probability': True, 'random_state': 51173, 'coef0': 0, 'gamma': 0.02, 'class_weight': 'balanced'}",,5,5,0,1.269683917,,,,51173,0.457083333,0.457083333,FALSE,accuracy,7/24/18 7:07,1,0,1,0,,sigmoid,TRUE,0.02
17,0,150,0,0.898203593,FALSE,1722,0.1932552,balanced,SVC,"{'kernel': 'linear', 'C': 1, 'random_state': 4846061, 'probability': True, 'class_weight': 'balanced'}",,5,5,0,1.194070153,,,,4846061,0.577254902,0.577254902,FALSE,accuracy,7/24/18 7:07,1,0,1,,,linear,TRUE,
17,0,150,0,0.898203593,FALSE,1722,0.486533451,balanced,SVC,"{'kernel': 'linear', 'C': 1, 'random_state': 504072, 'probability': True, 'class_weight': 'balanced'}",,5,5,0,1.202656024,,,,504072,0.44372549,0.44372549,FALSE,accuracy,7/24/18 7:07,1,0,1,,,linear,TRUE,
17,0,150,0,0.898203593,FALSE,1722,0.422642951,balanced,SVC,"{'kernel': 'linear', 'C': 1, 'random_state': 6437956, 'probability': True, 'class_weight': 'balanced'}",,5,5,0,1.202557071,,,,6437956,0.379411765,0.379411765,FALSE,accuracy,7/24/18 7:07,1,0,1,,,linear,TRUE,
17,0,150,0,0.898203593,FALSE,1722,0.159327506,balanced,SVC,"{'kernel': 'linear', 'C': 1, 'random_state': 4557162, 'probability': True, 'class_weight': 'balanced'}",,5,5,0,1.235139873,,,,4557162,0.530980392,0.530980392,FALSE,accuracy,7/24/18 7:07,1,0,1,,,linear,TRUE,
16,0,150,0,0.903614458,FALSE,1722,0.504390725,balanced,SVC,"{'kernel': 'linear', 'C': 1, 'random_state': 8416466, 'probability': True, 'class_weight': 'balanced'}",,5,5,0,1.215710673,,,,8416466,0.254791667,0.254791667,FALSE,accuracy,7/24/18 7:07,1,0,1,,,linear,TRUE,
17,0,150,0,0.898203593,FALSE,6516,0.174808817,balanced,SVC,"{'kernel': 'linear', 'C': 1, 'random_state': 2909008, 'probability': True, 'class_weight': 'balanced'}",,5,5,0,1.15883993,,,,2909008,0.642156863,0.642156863,FALSE,accuracy,7/24/18 7:21,1,0,1,,,linear,TRUE,
17,0,150,0,0.898203593,FALSE,6516,0.142755086,balanced,SVC,"{'kernel': 'linear', 'C': 1, 'random_state': 4577405, 'probability': True, 'class_weight': 'balanced'}",,5,5,0,1.194324715,,,,4577405,0.645098039,0.645098039,FALSE,accuracy,7/24/18 7:21,1,0,1,,,linear,TRUE,
17,0,150,0,0.898203593,FALSE,6516,0.112127693,balanced,SVC,"{'kernel': 'linear', 'C': 1, 'random_state': 3101557, 'probability': True, 'class_weight': 'balanced'}",,5,5,0,1.225627991,,,,3101557,0.510196078,0.510196078,FALSE,accuracy,7/24/18 7:21,1,0,1,,,linear,TRUE,
17,0,150,0,0.898203593,FALSE,6516,0.237325606,balanced,SVC,"{'kernel': 'linear', 'C': 1, 'random_state': 8940257, 'probability': True, 'class_weight': 'balanced'}",,5,5,0,1.150824939,,,,8940257,0.628823529,0.628823529,FALSE,accuracy,7/24/18 7:21,1,0,1,,,linear,TRUE,
16,0,150,0,0.903614458,FALSE,6516,0.300096769,balanced,SVC,"{'kernel': 'linear', 'C': 1, 'random_state': 8830528, 'probability': True, 'class_weight': 'balanced'}",,5,5,0,1.198083014,,,,8830528,0.601458333,0.601458333,FALSE,accuracy,7/24/18 7:21,1,0,1,,,linear,TRUE,
17,11,604,0,0.9556962025316456,False,4993,1.0505453990164658e-08,balanced_subsample,RandomForestClassifier,"{'n_jobs': -1, 'n_estimators': 20, 'random_state': 5186963, 'criterion': 'entropy', 'max_depth': 140, 'class_weight': 'balanced_subsample'}",entropy,5,5,0.0,3.817728329461946,140,20,-1,5186963,0.8688187470109995,0.8688187470109995,False,f1,11:12 07-24,0.9821138211382113,0.0,,,,,,
13,20,594,4,0.9477020602218701,False,4993,2.086028696814124e-08,balanced_subsample,RandomForestClassifier,"{'n_jobs': -1, 'n_estimators': 20, 'random_state': 100952, 'criterion': 'gini', 'max_depth': 60, 'class_weight': 'balanced_subsample'}",gini,5,5,0.371165180595436,3.800249440469975,60,20,-1,100952,0.8489653190266334,0.8489653190266334,False,f1,11:20 07-24,0.9674267100977199,0.23529411764705882,,,,,,
14,19,595,3,0.9477020602218701,False,4993,1.1884248842114667e-08,balanced_subsample,RandomForestClassifier,"{'n_jobs': -1, 'n_estimators': 20, 'random_state': 1145250, 'criterion': 'gini', 'max_depth': 120, 'class_weight': 'balanced_subsample'}",gini,5,5,0.2923113544394192,1.7460651872120578,120,20,-1,1145250,0.9185188733473845,0.9185188733473845,False,f1,11:28 07-24,0.9690553745928339,0.17647058823529413,,,,,,
17,10,604,0,0.9572107765451664,False,4993,8.580667480612293e-09,balanced_subsample,RandomForestClassifier,"{'n_jobs': -1, 'n_estimators': 40, 'random_state': 8526513, 'criterion': 'entropy', 'max_depth': 40, 'class_weight': 'balanced_subsample'}",entropy,5,5,0.0,0.9848104859325897,40,40,-1,8526513,0.9511400651465798,0.9511400651465798,False,f1,11:36 07-24,0.9837133550488599,0.0,,,,,,
15,21,593,1,0.9428571428571428,False,4993,1.8192593233824403e-08,balanced_subsample,RandomForestClassifier,"{'n_jobs': -1, 'n_estimators': 20, 'random_state': 5721719, 'criterion': 'entropy', 'max_depth': 40, 'class_weight': 'balanced_subsample'}",entropy,5,5,0.1139780954148877,5.111023657889715,40,20,-1,5721719,0.8114311889250814,0.8114311889250814,False,f1,11:44 07-24,0.9657980456026058,0.0625,,,,,,
10,5,145,7,0.9101796407185628,False,6164,7.699101854025087e-07,balanced_subsample,RandomForestClassifier,"{'n_jobs': -1, 'n_estimators': 20, 'random_state': 5482041, 'criterion': 'entropy', 'max_depth': 80, 'class_weight': 'balanced_subsample'}",entropy,5,5,0.5698778833107192,2.572283438127681,80,20,-1,5482041,0.8839215686274509,0.8839215686274509,False,f1,01:23 07-25,0.9666666666666667,0.4117647058823529,,,,,,
9,10,140,8,0.8862275449101796,False,6164,7.569952438566238e-08,balanced_subsample,RandomForestClassifier,"{'n_jobs': -1, 'n_estimators': 20, 'random_state': 4721962, 'criterion': 'entropy', 'max_depth': None, 'class_weight': 'balanced_subsample'}",entropy,5,5,0.6122448979591837,0.8593149076465217,,20,-1,4721962,0.9360784313725491,0.9360784313725491,False,f1,01:30 07-25,0.9333333333333333,0.47058823529411764,,,,,,
8,3,147,9,0.9341317365269461,False,6164,2.408441634997192e-07,balanced_subsample,RandomForestClassifier,"{'n_jobs': -1, 'n_estimators': 20, 'random_state': 3525871, 'criterion': 'entropy', 'max_depth': 120, 'class_weight': 'balanced_subsample'}",entropy,5,5,0.6833712984054671,1.5444182602644325,120,20,-1,3525871,0.9276470588235293,0.9276470588235293,False,f1,01:37 07-25,0.98,0.5294117647058824,,,,,,
8,6,144,9,0.9161676646706587,False,6164,4.8909271356944636e-08,balanced_subsample,RandomForestClassifier,"{'n_jobs': -1, 'n_estimators': 20, 'random_state': 4453974, 'criterion': 'entropy', 'max_depth': 60, 'class_weight': 'balanced_subsample'}",entropy,5,5,0.6746626686656672,0.46431818721951384,60,20,-1,4453974,0.9539215686274509,0.9539215686274509,False,f1,01:44 07-25,0.96,0.5294117647058824,,,,,,
9,7,143,7,0.9036144578313253,False,6164,2.1756685548883362e-06,balanced_subsample,RandomForestClassifier,"{'n_jobs': -1, 'n_estimators': 20, 'random_state': 5901912, 'criterion': 'entropy', 'max_depth': 120, 'class_weight': 'balanced_subsample'}",entropy,5,5,0.5895564289724874,5.840100213628741,120,20,-1,5901912,0.756875,0.756875,False,f1,01:52 07-25,0.9533333333333334,0.4375,,,,,,
10,3,147,7,0.9221556886227545,False,6862,1.3920544681170422e-07,balanced_subsample,RandomForestClassifier,"{'n_jobs': -1, 'n_estimators': 20, 'random_state': 3736361, 'criterion': 'entropy', 'max_depth': 60, 'class_weight': 'balanced_subsample'}",entropy,5,5,0.5751848808545604,0.6688144238763979,60,20,-1,3736361,0.9474509803921568,0.9474509803921568,False,f1,02:04 07-25,0.98,0.4117647058823529,,,,,,
8,9,141,9,0.8982035928143712,False,6862,7.920070572256865e-08,balanced_subsample,RandomForestClassifier,"{'n_jobs': -1, 'n_estimators': 20, 'random_state': 7576530, 'criterion': 'entropy', 'max_depth': 20, 'class_weight': 'balanced_subsample'}",entropy,5,5,0.6661732050333086,0.5752214825488051,20,20,-1,7576530,0.9337254901960783,0.9337254901960783,False,f1,02:12 07-25,0.94,0.5294117647058824,,,,,,
12,4,146,5,0.9041916167664671,False,6862,8.299815579304719e-06,balanced_subsample,RandomForestClassifier,"{'n_jobs': -1, 'n_estimators': 40, 'random_state': 4169996, 'criterion': 'entropy', 'max_depth': 140, 'class_weight': 'balanced_subsample'}",entropy,5,5,0.44536817102137766,2.569366953316375,140,40,-1,4169996,0.8688235294117647,0.8688235294117647,False,f1,02:19 07-25,0.9733333333333334,0.29411764705882354,,,,,,
7,9,141,10,0.9041916167664671,False,6862,5.280358862760235e-08,balanced_subsample,RandomForestClassifier,"{'n_jobs': -1, 'n_estimators': 40, 'random_state': 4829840, 'criterion': 'entropy', 'max_depth': 140, 'class_weight': 'balanced_subsample'}",entropy,5,5,0.7137758743754462,0.36643784688628145,140,40,-1,4829840,0.9519607843137254,0.9519607843137254,False,f1,02:26 07-25,0.94,0.5882352941176471,,,,,,
6,8,142,10,0.9156626506024096,False,6862,5.652330400635641e-07,balanced_subsample,RandomForestClassifier,"{'n_jobs': -1, 'n_estimators': 20, 'random_state': 9336434, 'criterion': 'gini', 'max_depth': 160, 'class_weight': 'balanced_subsample'}",gini,5,5,0.7447864945382324,1.4178644948347259,160,20,-1,9336434,0.9193749999999999,0.9193749999999999,False,f1,02:34 07-25,0.9466666666666667,0.625,,,,,,
16,2,613,1,0.9715189873417721,False,704,3.4456607250682192e-06,balanced,SVC,"{'kernel': 'poly', 'C': 1, 'degree': 2, 'probability': True, 'random_state': 7478208, 'coef0': 0.5, 'class_weight': 'balanced'}",,5,5,0.11077089337175794,1.6924530236118958,,,,7478208,0.7788139646102344,0.7788139646102344,False,f1,11:45 07-25,0.9967479674796748,0.058823529411764705,1,0.5,2,poly,True,
15,1,613,2,0.9746434231378764,False,704,3.5036623069008304e-06,balanced,SVC,"{'kernel': 'poly', 'C': 1, 'degree': 2, 'probability': True, 'random_state': 3352549, 'coef0': 0.5, 'class_weight': 'balanced'}",,5,5,0.2102199777454421,1.527055737252268,,,,3352549,0.8253975857443955,0.8253975857443955,False,f1,11:45 07-25,0.998371335504886,0.11764705882352941,1,0.5,2,poly,True,
14,0,614,3,0.9778129952456418,False,704,1.1775499438597927e-05,balanced,SVC,"{'kernel': 'poly', 'C': 0.5, 'degree': 2, 'probability': True, 'random_state': 6204413, 'coef0': 0.5, 'class_weight': 'balanced'}",,5,5,0.3,1.2013787554812236,,,,6204413,0.8554799770070896,0.8554799770070896,False,f1,11:46 07-25,1.0,0.17647058823529413,0.5,0.5,2,poly,True,
16,3,611,1,0.9698890649762282,False,704,5.8927044378179994e-06,balanced,SVC,"{'kernel': 'poly', 'C': 0.5, 'degree': 2, 'probability': True, 'random_state': 4209870, 'coef0': 0.5, 'class_weight': 'balanced'}",,5,5,0.11060073853913356,1.6678076076999797,,,,4209870,0.808152902854953,0.808152902854953,False,f1,11:47 07-25,0.995114006514658,0.058823529411764705,0.5,0.5,2,poly,True,
14,3,611,2,0.973015873015873,False,704,4.3258542822109404e-07,balanced,SVC,"{'kernel': 'poly', 'C': 0.5, 'degree': 2, 'probability': True, 'random_state': 2818333, 'coef0': 0.5, 'class_weight': 'balanced'}",,5,5,0.22126126126126125,1.4107939083517071,,,,2818333,0.8765268729641694,0.8765268729641694,False,f1,11:48 07-25,0.995114006514658,0.125,0.5,0.5,2,poly,True,
15,1,614,2,0.9746835443037974,False,704,0.001892691060467498,balanced,SVC,"{'kernel': 'rbf', 'C': 0.1, 'probability': True, 'random_state': 9962137, 'gamma': 0.02, 'class_weight': 'balanced'}",,5,5,0.210220475132456,1.4079186020826044,,,,9962137,0.7437589670014346,0.7437589670014346,False,f1,11:49 07-25,0.9983739837398374,0.11764705882352941,0.1,,,rbf,True,0.02
17,0,614,0,0.9730586370839936,False,704,0.0007907327261429116,balanced,SVC,"{'kernel': 'rbf', 'C': 1, 'probability': True, 'random_state': 7695142, 'gamma': 0.02, 'class_weight': 'balanced'}",,5,5,0.0,1.6037135614467113,,,,7695142,0.7113431691894999,0.7113431691894999,False,f1,11:50 07-25,1.0,0.0,1,,,rbf,True,0.02
16,3,611,1,0.9698890649762282,False,704,0.0007687287631870536,balanced,SVC,"{'kernel': 'rbf', 'C': 1, 'probability': True, 'random_state': 1774838, 'gamma': 0.02, 'class_weight': 'balanced'}",,5,5,0.11060073853913356,1.6638778725764374,,,,1774838,0.7252826211917992,0.7252826211917992,False,f1,11:51 07-25,0.995114006514658,0.058823529411764705,1,,,rbf,True,0.02
14,4,610,3,0.971473851030111,False,704,0.0012968508669126534,balanced,SVC,"{'kernel': 'rbf', 'C': 1, 'probability': True, 'random_state': 1395241, 'gamma': 0.02, 'class_weight': 'balanced'}",,5,5,0.2983479105928085,1.5386641603307687,,,,1395241,0.7040620808584019,0.7040620808584019,False,f1,11:52 07-25,0.993485342019544,0.17647058823529413,1,,,rbf,True,0.02
16,0,614,0,0.9746031746031746,False,704,0.002838726023915492,balanced,SVC,"{'kernel': 'rbf', 'C': 1, 'probability': True, 'random_state': 282991, 'gamma': 0.02, 'class_weight': 'balanced'}",,5,5,0.0,1.5444529333382657,,,,282991,0.713711319218241,0.713711319218241,False,f1,11:53 07-25,1.0,0.0,1,,,rbf,True,0.02
15,3,147,2,0.8922155688622755,False,5708,3.5796262460440564e-06,balanced,SVC,"{'kernel': 'poly', 'C': 1, 'degree': 2, 'probability': True, 'random_state': 2869363, 'coef0': 0.5, 'class_weight': 'balanced'}",,5,5,0.2068252326783867,1.1514360344392287,,,,2869363,0.827843137254902,0.827843137254902,False,f1,12:12 07-25,0.98,0.11764705882352941,1,0.5,2,poly,True,
15,1,149,2,0.9041916167664671,False,5708,1.7303083231123257e-05,balanced,SVC,"{'kernel': 'poly', 'C': 1, 'degree': 2, 'probability': True, 'random_state': 400061, 'coef0': 0.5, 'class_weight': 'balanced'}",,5,5,0.20927799093128704,1.062851096057595,,,,400061,0.8378431372549019,0.8378431372549019,False,f1,12:12 07-25,0.9933333333333333,0.11764705882352941,1,0.5,2,poly,True,
16,1,149,1,0.8982035928143712,False,5708,0.3628954220146884,balanced,SVC,"{'kernel': 'poly', 'C': 0.5, 'degree': 2, 'probability': True, 'random_state': 1820129, 'coef0': 0.5, 'class_weight': 'balanced'}",,5,5,0.11041589988958408,1.3184603526095544,,,,1820129,0.3143137254901961,0.3143137254901961,False,f1,12:12 07-25,0.9933333333333333,0.058823529411764705,0.5,0.5,2,poly,True,
14,0,150,3,0.9161676646706587,False,5708,3.486458593636399e-06,balanced,SVC,"{'kernel': 'poly', 'C': 1, 'degree': 2, 'probability': True, 'random_state': 890268, 'coef0': 0.5, 'class_weight': 'balanced'}",,5,5,0.3,1.0188813442532443,,,,890268,0.8394117647058823,0.8394117647058823,False,f1,12:12 07-25,1.0,0.17647058823529413,1,0.5,2,poly,True,
14,0,150,2,0.9156626506024096,False,5708,9.382552521510358e-06,balanced,SVC,"{'kernel': 'poly', 'C': 1, 'degree': 2, 'probability': True, 'random_state': 8469520, 'coef0': 0.5, 'class_weight': 'balanced'}",,5,5,0.2222222222222222,1.071831003217465,,,,8469520,0.8227083333333334,0.8227083333333334,False,f1,12:12 07-25,1.0,0.125,1,0.5,2,poly,True,
14,1,149,3,0.9101796407185628,False,5708,0.008637111704846417,balanced,SVC,"{'kernel': 'rbf', 'C': 1, 'probability': True, 'random_state': 1321941, 'gamma': 0.02, 'class_weight': 'balanced'}",,5,5,0.29830957905203836,1.0049329800447355,,,,1321941,0.7029411764705883,0.7029411764705883,False,f1,12:12 07-25,0.9933333333333333,0.17647058823529413,1,,,rbf,True,0.02
15,2,148,2,0.8982035928143712,False,5708,0.00017434003073638215,balanced,SVC,"{'kernel': 'rbf', 'C': 1, 'probability': True, 'random_state': 9238117, 'gamma': 0.2, 'class_weight': 'balanced'}",,5,5,0.20804438280166432,1.2406226596757157,,,,9238117,0.7952941176470588,0.7952941176470588,False,f1,12:12 07-25,0.9866666666666667,0.11764705882352941,1,,,rbf,True,0.2
12,1,149,5,0.9221556886227545,False,5708,0.014950583335431695,balanced,SVC,"{'kernel': 'rbf', 'C': 1, 'probability': True, 'random_state': 5215134, 'gamma': 0.02, 'class_weight': 'balanced'}",,5,5,0.45221585770274353,0.933127208733866,,,,5215134,0.720392156862745,0.720392156862745,False,f1,12:12 07-25,0.9933333333333333,0.29411764705882354,1,,,rbf,True,0.02
14,1,149,3,0.9101796407185628,False,5708,0.0023097129543963968,balanced,SVC,"{'kernel': 'rbf', 'C': 1, 'probability': True, 'random_state': 8302171, 'gamma': 0.02, 'class_weight': 'balanced'}",,5,5,0.29830957905203836,0.9709705251941925,,,,8302171,0.7996078431372549,0.7996078431372549,False,f1,12:12 07-25,0.9933333333333333,0.17647058823529413,1,,,rbf,True,0.02
12,2,148,4,0.9156626506024096,False,5708,0.000127852905959266,balanced,SVC,"{'kernel': 'rbf', 'C': 0.5, 'probability': True, 'random_state': 4234665, 'gamma': 0.2, 'class_weight': 'balanced'}",,5,5,0.39577836411609496,0.9544899474786405,,,,4234665,0.7602083333333334,0.7602083333333334,False,f1,12:12 07-25,0.9866666666666667,0.25,0.5,,,rbf,True,0.2
10,12,138,7,0.8682634730538922,False,353,4.184590623082407e-07,balanced_subsample,RandomForestClassifier,"{'n_jobs': -1, 'n_estimators': 20, 'random_state': 8634653, 'criterion': 'entropy', 'max_depth': 120, 'class_weight': 'balanced_subsample'}",entropy,5,5,0.5520504731861199,1.8228448409858806,120,20,-1,8634653,0.8947058823529412,0.8947058823529412,False,f1,01:07 07-25,0.92,0.4117647058823529,,,,,,
6,7,143,11,0.9221556886227545,False,353,1.0249799795160766e-07,balanced_subsample,RandomForestClassifier,"{'n_jobs': -1, 'n_estimators': 20, 'random_state': 7794161, 'criterion': 'gini', 'max_depth': 160, 'class_weight': 'balanced_subsample'}",gini,5,5,0.7640657559620284,0.520181241763572,160,20,-1,7794161,0.950392156862745,0.950392156862745,False,f1,01:15 07-25,0.9533333333333334,0.6470588235294118,,,,,,
9,8,142,8,0.8982035928143712,False,353,2.530251455426757e-06,balanced_subsample,RandomForestClassifier,"{'n_jobs': -1, 'n_estimators': 40, 'random_state': 9715012, 'criterion': 'entropy', 'max_depth': 160, 'class_weight': 'balanced_subsample'}",entropy,5,5,0.6176016469377251,0.6677996477876653,160,40,-1,9715012,0.8999999999999999,0.8999999999999999,False,f1,01:22 07-25,0.9466666666666667,0.47058823529411764,,,,,,
11,6,144,6,0.8982035928143712,False,353,1.954292542782409e-07,balanced_subsample,RandomForestClassifier,"{'n_jobs': -1, 'n_estimators': 20, 'random_state': 4810428, 'criterion': 'entropy', 'max_depth': 120, 'class_weight': 'balanced_subsample'}",entropy,5,5,0.5067567567567568,1.6251800924884252,120,20,-1,4810428,0.9037254901960783,0.9037254901960783,False,f1,01:29 07-25,0.96,0.35294117647058826,,,,,,
8,3,147,8,0.9337349397590361,False,353,2.5097641060752805e-08,balanced_subsample,RandomForestClassifier,"{'n_jobs': -1, 'n_estimators': 20, 'random_state': 3810626, 'criterion': 'gini', 'max_depth': 80, 'class_weight': 'balanced_subsample'}",gini,5,5,0.6578947368421052,0.3822640949655017,80,20,-1,3810626,0.969375,0.969375,False,f1,01:37 07-25,0.98,0.5,,,,,,
14,2,148,3,0.9041916167664671,False,353,1.0497564446379627e-05,balanced,SVC,"{'kernel': 'poly', 'C': 1, 'degree': 2, 'probability': True, 'random_state': 9989585, 'coef0': 0.5, 'class_weight': 'balanced'}",,5,5,0.29663810151615033,1.0964189256948158,,,,9989585,0.8133333333333332,0.8133333333333332,False,f1,01:37 07-25,0.9866666666666667,0.17647058823529413,1,0.5,2,poly,True,
14,2,148,3,0.9041916167664671,False,353,4.795955914179009e-05,balanced,SVC,"{'kernel': 'poly', 'C': 1, 'degree': 2, 'probability': True, 'random_state': 3342742, 'coef0': 0.5, 'class_weight': 'balanced'}",,5,5,0.29663810151615033,0.9738719118266576,,,,3342742,0.8113725490196079,0.8113725490196079,False,f1,01:37 07-25,0.9866666666666667,0.17647058823529413,1,0.5,2,poly,True,
17,0,150,0,0.8982035928143712,False,353,0.3633482236548449,balanced,SVC,"{'kernel': 'poly', 'C': 1, 'degree': 2, 'probability': True, 'random_state': 6265119, 'coef0': 0, 'class_weight': 'balanced'}",,5,5,0.0,1.159798466186524,,,,6265119,0.46313725490196084,0.46313725490196084,False,f1,01:37 07-25,1.0,0.0,1,0,2,poly,True,
15,4,146,2,0.8862275449101796,False,353,6.878199123747835e-06,balanced,SVC,"{'kernel': 'poly', 'C': 1, 'degree': 2, 'probability': True, 'random_state': 9973991, 'coef0': 0.5, 'class_weight': 'balanced'}",,5,5,0.205620287868403,1.0985698484624509,,,,9973991,0.8068627450980392,0.8068627450980392,False,f1,01:37 07-25,0.9733333333333334,0.11764705882352941,1,0.5,2,poly,True,
13,1,149,3,0.9156626506024096,False,353,1.6505219182025277e-06,balanced,SVC,"{'kernel': 'poly', 'C': 1, 'degree': 2, 'probability': True, 'random_state': 7013563, 'coef0': 0.5, 'class_weight': 'balanced'}",,5,5,0.314026517794836,1.0470007925311606,,,,7013563,0.8674999999999999,0.8674999999999999,False,f1,01:37 07-25,0.9933333333333333,0.1875,1,0.5,2,poly,True,
15,1,149,2,0.9041916167664671,False,353,0.002385436987280938,balanced,SVC,"{'kernel': 'rbf', 'C': 1, 'probability': True, 'random_state': 6378033, 'gamma': 0.02, 'class_weight': 'balanced'}",,5,5,0.20927799093128704,1.092164028039573,,,,6378033,0.6923529411764706,0.6923529411764706,False,f1,01:38 07-25,0.9933333333333333,0.11764705882352941,1,,,rbf,True,0.02
13,2,148,4,0.9101796407185628,False,353,3.312900715837835e-05,balanced,SVC,"{'kernel': 'rbf', 'C': 0.5, 'probability': True, 'random_state': 3091841, 'gamma': 0.2, 'class_weight': 'balanced'}",,5,5,0.37688442211055273,0.9923816582502083,,,,3091841,0.8331372549019607,0.8331372549019607,False,f1,01:38 07-25,0.9866666666666667,0.23529411764705882,0.5,,,rbf,True,0.2
17,0,150,0,0.8982035928143712,False,353,7.939642780901275e-05,balanced,SVC,"{'kernel': 'rbf', 'C': 1, 'probability': True, 'random_state': 5971967, 'gamma': 0.2, 'class_weight': 'balanced'}",,5,5,0.0,1.0040240493719004,,,,5971967,0.8333333333333333,0.8333333333333333,False,f1,01:38 07-25,1.0,0.0,1,,,rbf,True,0.2
14,1,149,3,0.9101796407185628,False,353,0.0006128109921022689,balanced,SVC,"{'kernel': 'rbf', 'C': 0.5, 'probability': True, 'random_state': 4274066, 'gamma': 0.02, 'class_weight': 'balanced'}",,5,5,0.29830957905203836,0.9974498123078683,,,,4274066,0.7282352941176471,0.7282352941176471,False,f1,01:38 07-25,0.9933333333333333,0.17647058823529413,0.5,,,rbf,True,0.02
14,4,146,2,0.891566265060241,False,353,0.005083018239928572,balanced,SVC,"{'kernel': 'rbf', 'C': 1, 'probability': True, 'random_state': 1583510, 'gamma': 0.02, 'class_weight': 'balanced'}",,5,5,0.2170767004341534,1.1496454879861748,,,,1583510,0.6112500000000001,0.6112500000000001,False,f1,01:38 07-25,0.9733333333333334,0.125,1,,,rbf,True,0.02
10,5,145,7,0.9101796407185628,False,4924,1.1123883066151698e-06,balanced_subsample,RandomForestClassifier,"{'n_jobs': -1, 'n_estimators': 20, 'random_state': 3657016, 'criterion': 'entropy', 'max_depth': 100, 'class_weight': 'balanced_subsample'}",entropy,5,5,0.5698778833107192,2.4914490003710976,100,20,-1,3657016,0.8784313725490196,0.8784313725490196,False,f1,08:04 07-25,0.9666666666666667,0.4117647058823529,,,,,,
